camada,tabela,dimensao,regra,metrica,valor,esperado,status,acao,ts_execucao
GOLD,gold.dim_tempo,Unicidade,PK ['mes_ref'],duplicados,0,0,OK,falhar,2026-09-26T18:31:41.930Z
GOLD,gold.dim_produto,Unicidade,PK ['cod_produto'],duplicados,0,0,OK,falhar,2026-09-26T18:31:41.930Z
GOLD,gold.dim_empresa,Unicidade,PK ['cod_empresa'],duplicados,0,0,OK,falhar,2026-09-26T18:31:41.930Z
GOLD,gold.dim_grupo,Unicidade,PK ['cod_grupo'],duplicados,0,0,OK,falhar,2026-09-26T18:31:41.930Z
GOLD,gold.ponte_empresa_grupo_mes,Unicidade,"PK ['cod_empresa', 'mes_ref']",duplicados,0,0,OK,falhar,2026-09-26T18:31:41.930Z
GOLD,gold.fato_fluxo_previdencia,Unicidade,"PK ['mes_ref', 'cod_empresa', 'cod_produto']",duplicados,0,0,OK,falhar,2026-09-26T18:31:41.930Z
GOLD,gold.fato_pmbac,Unicidade,"PK ['mes_ref', 'cod_empresa', 'cod_produto']",duplicados,0,0,OK,falhar,2026-09-26T18:31:41.930Z
GOLD,gold.fato_fluxo_previdencia,Integridade referencial,mes_ref existe em dim_tempo,órfãos,0,0,OK,falhar,2026-09-26T18:31:41.930Z
GOLD,gold.fato_fluxo_previdencia,Integridade referencial,cod_empresa existe em dim_empresa,órfãos,0,0,OK,falhar,2026-09-26T18:31:41.930Z
GOLD,gold.fato_fluxo_previdencia,Integridade referencial,cod_produto existe em dim_produto,órfãos,0,0,OK,falhar,2026-09-26T18:31:41.930Z
GOLD,gold.fato_fluxo_previdencia,Integridade referencial,cod_grupo existe em dim_grupo,órfãos,0,0,OK,falhar,2026-09-26T18:31:41.930Z
GOLD,gold.fato_pmbac,Integridade referencial,mes_ref existe em dim_tempo,órfãos,0,0,OK,falhar,2026-09-26T18:31:41.930Z
GOLD,gold.fato_pmbac,Integridade referencial,cod_empresa existe em dim_empresa,órfãos,0,0,OK,falhar,2026-09-26T18:31:41.930Z
GOLD,gold.fato_pmbac,Integridade referencial,cod_produto existe em dim_produto,órfãos,0,0,OK,falhar,2026-09-26T18:31:41.930Z
GOLD,gold.fato_pmbac,Integridade referencial,cod_grupo existe em dim_grupo,órfãos,0,0,OK,falhar,2026-09-26T18:31:41.930Z
GOLD,gold.ponte_empresa_grupo_mes,Integridade referencial,cod_empresa existe em dim_empresa,órfãos,0,0,OK,falhar,2026-09-26T18:31:41.930Z
GOLD,gold.ponte_empresa_grupo_mes,Integridade referencial,cod_grupo existe em dim_grupo,órfãos,0,0,OK,falhar,2026-09-26T18:31:41.930Z
GOLD,gold.ponte_empresa_grupo_mes,Integridade referencial,mes_ref existe em dim_tempo,órfãos,0,0,OK,falhar,2026-09-26T18:31:41.930Z
GOLD,gold.fato_fluxo_previdencia,Acurácia (conservação),Σ vl_contribuicao Gold = Σ Silver,diferença (R$),0.00,0,OK,falhar,2026-09-26T18:31:41.930Z
GOLD,gold.fato_fluxo_previdencia,Acurácia (conservação),Σ vl_resgate Gold = Σ Silver,diferença (R$),0.00,0,OK,falhar,2026-09-26T18:31:41.930Z
GOLD,gold.fato_fluxo_previdencia,Acurácia (conservação),Σ vl_portab_aceita Gold = Σ Silver,diferença (R$),0.00,0,OK,falhar,2026-09-26T18:31:41.930Z
GOLD,gold.fato_fluxo_previdencia,Acurácia (conservação),Σ vl_portab_cedida Gold = Σ Silver,diferença (R$),0.00,0,OK,falhar,2026-09-26T18:31:41.930Z
GOLD,gold.fato_pmbac,Acurácia (conservação),Σ vl_pmbac Gold = Σ Silver,diferença (R$),0.00,0,OK,falhar,2026-09-26T18:31:41.930Z
GOLD,gold.ponte_empresa_grupo_mes,Completude,grupo atribuído a toda empresa×mês,empresa×mês por tipo de atribuição,"{'EXATA': 3731, 'HERDADA': 1}",NAO_INFORMADO ≈ 0,OK,reportar HERDADA/NAO_INFORMADO,2026-09-26T18:31:41.930Z
