tabela_origem,motivo,registro_json,ts_execucao
ses_transferenciasexternas,TIPOTRANSF fora do domínio documentado (não interpretado),"{""cod_empresa"":""04740"",""ano_mes"":""201611"",""mes_ref"":""2016-11-01"",""tipotransf"":""r"",""tipoplano"":""PGBL"",""vl_portabilidade"":1039200.26,""qt_portabilidades"":7}",2026-09-26T17:15:11.085Z
ses_transferenciasexternas,TIPOTRANSF fora do domínio documentado (não interpretado),"{""cod_empresa"":""04740"",""ano_mes"":""201611"",""mes_ref"":""2016-11-01"",""tipotransf"":""r"",""tipoplano"":""VGBL"",""vl_portabilidade"":204974.34,""qt_portabilidades"":1}",2026-09-26T17:15:11.085Z
ses_transferenciasexternas,TIPOTRANSF fora do domínio documentado (não interpretado),"{""cod_empresa"":""06947"",""ano_mes"":""202405"",""mes_ref"":""2024-05-01"",""tipotransf"":""P"",""tipoplano"":""VGBL"",""vl_portabilidade"":5284317.83,""qt_portabilidades"":49}",2026-09-26T17:15:11.085Z
ses_grupos_economicos,código de grupo vazio,"{""cod_empresa"":""05118"",""ano_mes"":""202103"",""mes_ref"":""2021-03-01"",""nome_empresa_no_mes"":""TRADITIO COMPANHIA DE SEGUROS – “em aprovação” (antiga Sul América Companhia Nacional de Seguros)""}",2026-09-26T17:15:11.085Z
ses_grupos_economicos,código de grupo vazio,"{""cod_empresa"":""05118"",""ano_mes"":""202105"",""mes_ref"":""2021-05-01"",""nome_empresa_no_mes"":""TRADITIO COMPANHIA DE SEGUROS – “em aprovação” (antiga Sul América Companhia Nacional de Seguros)""}",2026-09-26T17:15:11.085Z
ses_grupos_economicos,código de grupo vazio,"{""cod_empresa"":""05118"",""ano_mes"":""202104"",""mes_ref"":""2021-04-01"",""nome_empresa_no_mes"":""TRADITIO COMPANHIA DE SEGUROS – “em aprovação” (antiga Sul América Companhia Nacional de Seguros)""}",2026-09-26T17:15:11.085Z
ses_grupos_economicos,mês (damesano) vazio ou inválido,"{""cod_empresa"":""00019"",""ano_mes"":"""",""nome_empresa_no_mes"":""SUL AMERICA""}",2026-09-26T17:15:11.085Z
ses_grupos_economicos,mês (damesano) vazio ou inválido,"{""cod_empresa"":""00019"",""ano_mes"":"""",""nome_empresa_no_mes"":""SUL AMERICA""}",2026-09-26T17:15:11.085Z
ses_grupos_economicos,mês (damesano) vazio ou inválido,"{""cod_empresa"":""00019"",""ano_mes"":"""",""nome_empresa_no_mes"":""SUL AMERICA""}",2026-09-26T17:15:11.085Z
