camada,tabela,descricao_tabela,linhagem,coluna,descricao_coluna,tipo,dominio_observado,pct_nulos
GOLD,gold.dim_empresa,Dimensão de empresas.,silver.empresa.,cod_empresa,"Código FIP da empresa na SUSEP (5 dígitos, texto).",string,"769 valores distintos (ex.: 01007, 01015, 01058 ...)",0
GOLD,gold.dim_empresa,Dimensão de empresas.,silver.empresa.,nome_empresa,Razão social da empresa (Ses_cias).,string,"750 valores distintos (ex.: 180 SEGUROS S.A., 2P SEGUROS S.A., 88I SEGURADORA DIGITAL S.A. ...)",0
GOLD,gold.dim_grupo,Dimensão de grupos econômicos (nome mais recente) + NAO_INFORMADO.,silver.empresa_grupo_mensal.,cod_grupo,"Código do grupo econômico (99999 = 'OUTROS GRUPOS', genérico; NAO_INFORMADO = sem histórico).",string,"122 valores distintos (ex.: 00019, 00027, 00035 ...)",0
GOLD,gold.dim_grupo,Dimensão de grupos econômicos (nome mais recente) + NAO_INFORMADO.,silver.empresa_grupo_mensal.,fl_grupo_generico,Verdadeiro para o código 99999 (não é um grupo real; no HHI cada empresa conta como unidade própria).,boolean,"{false, true}",0
GOLD,gold.dim_grupo,Dimensão de grupos econômicos (nome mais recente) + NAO_INFORMADO.,silver.empresa_grupo_mensal.,nome_grupo,Nome do grupo econômico.,string,"122 valores distintos (ex.: ACE, AGF BRASIL, ALFA ...)",0
GOLD,gold.dim_produto,"Dimensão de produtos do escopo (VGBL, PGBL).",Definida no notebook 03.,cod_produto,Produto: VGBL ou PGBL.,string,"{PGBL, VGBL}",0
GOLD,gold.dim_produto,"Dimensão de produtos do escopo (VGBL, PGBL).",Definida no notebook 03.,descricao_produto,Descrição do produto.,string,"{Plano de previdência complementar aberta; contribuições dedutíveis da base do IR (declaração completa), Seguro de pessoas com cobertura por sobrevivência; na tributação de IR incide apenas sobre os rendimentos}",0
GOLD,gold.dim_produto,"Dimensão de produtos do escopo (VGBL, PGBL).",Definida no notebook 03.,nome_produto,Nome do produto.,string,"{Plano Gerador de Benefício Livre, Vida Gerador de Benefício Livre}",0
GOLD,gold.dim_tempo,Dimensão de meses de jan/2014 a jul/2026.,Gerada por sequence(); flags de ano completo e de período YTD (jan–jul).,ano,Ano civil.,int,[2014 ; 2026],0
GOLD,gold.dim_tempo,Dimensão de meses de jan/2014 a jul/2026.,Gerada por sequence(); flags de ano completo e de período YTD (jan–jul).,ano_mes,Mês de referência no formato original AAAAMM.,string,"151 valores distintos (ex.: 201401, 201402, 201403 ...)",0
GOLD,gold.dim_tempo,Dimensão de meses de jan/2014 a jul/2026.,Gerada por sequence(); flags de ano completo e de período YTD (jan–jul).,fl_ano_completo,Verdadeiro para anos com 12 meses na base (2014–2025).,boolean,"{false, true}",0
GOLD,gold.dim_tempo,Dimensão de meses de jan/2014 a jul/2026.,Gerada por sequence(); flags de ano completo e de período YTD (jan–jul).,fl_periodo_ytd,Verdadeiro para meses jan–jul (base de comparação com 2026).,boolean,"{false, true}",0
GOLD,gold.dim_tempo,Dimensão de meses de jan/2014 a jul/2026.,Gerada por sequence(); flags de ano completo e de período YTD (jan–jul).,mes,Mês (1–12).,int,[1 ; 12],0
GOLD,gold.dim_tempo,Dimensão de meses de jan/2014 a jul/2026.,Gerada por sequence(); flags de ano completo e de período YTD (jan–jul).,mes_ref,"Mês de referência (1º dia do mês), derivado de damesano (AAAAMM).",date,[2014-01-01 ; 2026-07-01],0
GOLD,gold.dim_tempo,Dimensão de meses de jan/2014 a jul/2026.,Gerada por sequence(); flags de ano completo e de período YTD (jan–jul).,trimestre,Trimestre (1–4).,int,[1 ; 4],0
GOLD,gold.fato_fluxo_previdencia,"Fato de fluxos mensais por empresa e produto: contribuições, resgates, FLCR, portabilidade e captação líquida.",silver.contribuicoes ⟗ silver.resgates ⟗ silver.portabilidade + ponte_empresa_grupo_mes; jan/2014–jul/2026.,cod_empresa,"Código FIP da empresa na SUSEP (5 dígitos, texto).",string,"30 valores distintos (ex.: 01848, 02101, 02682 ...)",0
GOLD,gold.fato_fluxo_previdencia,"Fato de fluxos mensais por empresa e produto: contribuições, resgates, FLCR, portabilidade e captação líquida.",silver.contribuicoes ⟗ silver.resgates ⟗ silver.portabilidade + ponte_empresa_grupo_mes; jan/2014–jul/2026.,cod_grupo,"Código do grupo econômico (99999 = 'OUTROS GRUPOS', genérico; NAO_INFORMADO = sem histórico).",string,"21 valores distintos (ex.: 00019, 00027, 00035 ...)",0
GOLD,gold.fato_fluxo_previdencia,"Fato de fluxos mensais por empresa e produto: contribuições, resgates, FLCR, portabilidade e captação líquida.",silver.contribuicoes ⟗ silver.resgates ⟗ silver.portabilidade + ponte_empresa_grupo_mes; jan/2014–jul/2026.,cod_produto,Produto: VGBL ou PGBL.,string,"{PGBL, VGBL}",0
GOLD,gold.fato_fluxo_previdencia,"Fato de fluxos mensais por empresa e produto: contribuições, resgates, FLCR, portabilidade e captação líquida.",silver.contribuicoes ⟗ silver.resgates ⟗ silver.portabilidade + ponte_empresa_grupo_mes; jan/2014–jul/2026.,fl_contribuicao_negativa,Verdadeiro se a contribuição informada é negativa (estorno/ajuste). Mantida nos totais.,boolean,{false},0
GOLD,gold.fato_fluxo_previdencia,"Fato de fluxos mensais por empresa e produto: contribuições, resgates, FLCR, portabilidade e captação líquida.",silver.contribuicoes ⟗ silver.resgates ⟗ silver.portabilidade + ponte_empresa_grupo_mes; jan/2014–jul/2026.,fl_qtd_portab_suspeita,Verdadeiro se alguma linha de origem tem valor médio por portabilidade < R$ 100 (QUANTIDADE implausível).,boolean,"{false, true}",0
GOLD,gold.fato_fluxo_previdencia,"Fato de fluxos mensais por empresa e produto: contribuições, resgates, FLCR, portabilidade e captação líquida.",silver.contribuicoes ⟗ silver.resgates ⟗ silver.portabilidade + ponte_empresa_grupo_mes; jan/2014–jul/2026.,fl_tem_contribuicao,Verdadeiro se a chave existe em silver.contribuicoes.,boolean,"{false, true}",0
GOLD,gold.fato_fluxo_previdencia,"Fato de fluxos mensais por empresa e produto: contribuições, resgates, FLCR, portabilidade e captação líquida.",silver.contribuicoes ⟗ silver.resgates ⟗ silver.portabilidade + ponte_empresa_grupo_mes; jan/2014–jul/2026.,fl_tem_portabilidade,Verdadeiro se a chave existe em silver.portabilidade.,boolean,"{false, true}",0
GOLD,gold.fato_fluxo_previdencia,"Fato de fluxos mensais por empresa e produto: contribuições, resgates, FLCR, portabilidade e captação líquida.",silver.contribuicoes ⟗ silver.resgates ⟗ silver.portabilidade + ponte_empresa_grupo_mes; jan/2014–jul/2026.,fl_tem_resgate,Verdadeiro se a chave existe em silver.resgates.,boolean,"{false, true}",0
GOLD,gold.fato_fluxo_previdencia,"Fato de fluxos mensais por empresa e produto: contribuições, resgates, FLCR, portabilidade e captação líquida.",silver.contribuicoes ⟗ silver.resgates ⟗ silver.portabilidade + ponte_empresa_grupo_mes; jan/2014–jul/2026.,mes_ref,"Mês de referência (1º dia do mês), derivado de damesano (AAAAMM).",date,[2014-01-01 ; 2026-07-01],0
GOLD,gold.fato_fluxo_previdencia,"Fato de fluxos mensais por empresa e produto: contribuições, resgates, FLCR, portabilidade e captação líquida.",silver.contribuicoes ⟗ silver.resgates ⟗ silver.portabilidade + ponte_empresa_grupo_mes; jan/2014–jul/2026.,vl_captacao_liquida,Captação líquida (conceito de mercado) = vl_flcr + vl_portab_liquida.,"decimal(20,2)",[-4038109018.01 ; 4196870481.15],0
GOLD,gold.fato_fluxo_previdencia,"Fato de fluxos mensais por empresa e produto: contribuições, resgates, FLCR, portabilidade e captação líquida.",silver.contribuicoes ⟗ silver.resgates ⟗ silver.portabilidade + ponte_empresa_grupo_mes; jan/2014–jul/2026.,vl_contribuicao,Contribuições no mês (R$ nominais). Origem: contrib.,"decimal(20,2)",[0.00 ; 6277450353.05],0
GOLD,gold.fato_fluxo_previdencia,"Fato de fluxos mensais por empresa e produto: contribuições, resgates, FLCR, portabilidade e captação líquida.",silver.contribuicoes ⟗ silver.resgates ⟗ silver.portabilidade + ponte_empresa_grupo_mes; jan/2014–jul/2026.,vl_flcr,FLCR — fluxo líquido de contribuições e resgates = vl_contribuicao − vl_resgate.,"decimal(20,2)",[-1666920581.58 ; 4312297996.99],0
GOLD,gold.fato_fluxo_previdencia,"Fato de fluxos mensais por empresa e produto: contribuições, resgates, FLCR, portabilidade e captação líquida.",silver.contribuicoes ⟗ silver.resgates ⟗ silver.portabilidade + ponte_empresa_grupo_mes; jan/2014–jul/2026.,vl_portab_aceita,"Portabilidade aceita/recebida (TIPOTRANSF = R), R$ nominais.","decimal(20,2)",[-780180.94 ; 2757725563.85],0
GOLD,gold.fato_fluxo_previdencia,"Fato de fluxos mensais por empresa e produto: contribuições, resgates, FLCR, portabilidade e captação líquida.",silver.contribuicoes ⟗ silver.resgates ⟗ silver.portabilidade + ponte_empresa_grupo_mes; jan/2014–jul/2026.,vl_portab_cedida,"Portabilidade cedida/enviada (TIPOTRANSF = D), R$ nominais.","decimal(20,2)",[0.00 ; 2564267466.43],0
GOLD,gold.fato_fluxo_previdencia,"Fato de fluxos mensais por empresa e produto: contribuições, resgates, FLCR, portabilidade e captação líquida.",silver.contribuicoes ⟗ silver.resgates ⟗ silver.portabilidade + ponte_empresa_grupo_mes; jan/2014–jul/2026.,vl_portab_liquida,Saldo líquido de portabilidade = aceita − cedida.,"decimal(20,2)",[-2371188436.43 ; 2470579552.31],0
GOLD,gold.fato_fluxo_previdencia,"Fato de fluxos mensais por empresa e produto: contribuições, resgates, FLCR, portabilidade e captação líquida.",silver.contribuicoes ⟗ silver.resgates ⟗ silver.portabilidade + ponte_empresa_grupo_mes; jan/2014–jul/2026.,vl_resgate,Resgates do projeto = resg_total + resg_parcial (R$ nominais).,"decimal(20,2)",[0.00 ; 4527735624.30],0
GOLD,gold.fato_fluxo_previdencia,"Fato de fluxos mensais por empresa e produto: contribuições, resgates, FLCR, portabilidade e captação líquida.",silver.contribuicoes ⟗ silver.resgates ⟗ silver.portabilidade + ponte_empresa_grupo_mes; jan/2014–jul/2026.,vl_resgate_pag_programado,Soma de Resg_Pag_programado (coluna não documentada pela SUSEP); fora de vl_resgate.,"decimal(20,2)",[0.00 ; 1236136.78],0
GOLD,gold.fato_pmbac,Fato de estoque de PMBaC de fim de mês por empresa e produto.,silver.pmbac + ponte_empresa_grupo_mes; jan/2014–jul/2026.,cod_empresa,"Código FIP da empresa na SUSEP (5 dígitos, texto).",string,"29 valores distintos (ex.: 01848, 02101, 02682 ...)",0
GOLD,gold.fato_pmbac,Fato de estoque de PMBaC de fim de mês por empresa e produto.,silver.pmbac + ponte_empresa_grupo_mes; jan/2014–jul/2026.,cod_grupo,"Código do grupo econômico (99999 = 'OUTROS GRUPOS', genérico; NAO_INFORMADO = sem histórico).",string,"20 valores distintos (ex.: 00019, 00027, 00035 ...)",0
GOLD,gold.fato_pmbac,Fato de estoque de PMBaC de fim de mês por empresa e produto.,silver.pmbac + ponte_empresa_grupo_mes; jan/2014–jul/2026.,cod_produto,Produto: VGBL ou PGBL.,string,"{PGBL, VGBL}",0
GOLD,gold.fato_pmbac,Fato de estoque de PMBaC de fim de mês por empresa e produto.,silver.pmbac + ponte_empresa_grupo_mes; jan/2014–jul/2026.,mes_ref,"Mês de referência (1º dia do mês), derivado de damesano (AAAAMM).",date,[2014-01-01 ; 2026-07-01],0
GOLD,gold.fato_pmbac,Fato de estoque de PMBaC de fim de mês por empresa e produto.,silver.pmbac + ponte_empresa_grupo_mes; jan/2014–jul/2026.,vl_pmbac,"Provisão Matemática de Benefícios a Conceder aplicada em fundos, saldo de fim de mês (R$ nominais).","decimal(20,2)",[0.00 ; 434631324006.13],0
GOLD,gold.ponte_empresa_grupo_mes,Grupo vigente para cada empresa em cada mês (atribuição as-of).,chaves dos fatos × silver.empresa_grupo_mensal (último grupo com mês ≤ mês do fato).,cod_empresa,"Código FIP da empresa na SUSEP (5 dígitos, texto).",string,"30 valores distintos (ex.: 01848, 02101, 02682 ...)",0
GOLD,gold.ponte_empresa_grupo_mes,Grupo vigente para cada empresa em cada mês (atribuição as-of).,chaves dos fatos × silver.empresa_grupo_mensal (último grupo com mês ≤ mês do fato).,cod_grupo,"Código do grupo econômico (99999 = 'OUTROS GRUPOS', genérico; NAO_INFORMADO = sem histórico).",string,"21 valores distintos (ex.: 00019, 00027, 00035 ...)",0
GOLD,gold.ponte_empresa_grupo_mes,Grupo vigente para cada empresa em cada mês (atribuição as-of).,chaves dos fatos × silver.empresa_grupo_mensal (último grupo com mês ≤ mês do fato).,mes_ref,"Mês de referência (1º dia do mês), derivado de damesano (AAAAMM).",date,[2014-01-01 ; 2026-07-01],0
GOLD,gold.ponte_empresa_grupo_mes,Grupo vigente para cada empresa em cada mês (atribuição as-of).,chaves dos fatos × silver.empresa_grupo_mensal (último grupo com mês ≤ mês do fato).,meses_defasagem,Meses entre o mês do fato e o mês do grupo utilizado (0 = exata).,int,[0 ; 1],0
GOLD,gold.ponte_empresa_grupo_mes,Grupo vigente para cada empresa em cada mês (atribuição as-of).,chaves dos fatos × silver.empresa_grupo_mensal (último grupo com mês ≤ mês do fato).,tipo_atribuicao,"EXATA (grupo do próprio mês), HERDADA (último grupo anterior) ou NAO_INFORMADO.",string,"{EXATA, HERDADA}",0
