table_name,constraint_name,constraint_type
dim_empresa,pk_dim_empresa,PRIMARY KEY
dim_grupo,pk_dim_grupo,PRIMARY KEY
dim_produto,pk_dim_produto,PRIMARY KEY
dim_tempo,pk_dim_tempo,PRIMARY KEY
fato_fluxo_previdencia,fk_fato_fluxo_previdencia_mes_ref,FOREIGN KEY
fato_fluxo_previdencia,fk_fato_fluxo_previdencia_cod_empresa,FOREIGN KEY
fato_fluxo_previdencia,fk_fato_fluxo_previdencia_cod_produto,FOREIGN KEY
fato_fluxo_previdencia,fk_fato_fluxo_previdencia_cod_grupo,FOREIGN KEY
fato_fluxo_previdencia,pk_fato_fluxo_previdencia,PRIMARY KEY
fato_pmbac,fk_fato_pmbac_cod_empresa,FOREIGN KEY
fato_pmbac,fk_fato_pmbac_mes_ref,FOREIGN KEY
fato_pmbac,fk_fato_pmbac_cod_produto,FOREIGN KEY
fato_pmbac,fk_fato_pmbac_cod_grupo,FOREIGN KEY
fato_pmbac,pk_fato_pmbac,PRIMARY KEY
ponte_empresa_grupo_mes,fk_ponte_empresa_grupo_mes_mes_ref,FOREIGN KEY
ponte_empresa_grupo_mes,fk_ponte_empresa_grupo_mes_cod_empresa,FOREIGN KEY
ponte_empresa_grupo_mes,fk_ponte_empresa_grupo_mes_cod_grupo,FOREIGN KEY
ponte_empresa_grupo_mes,pk_ponte_empresa_grupo_mes,PRIMARY KEY
